identity,raw,masked,source,licence
synthetic_lynx_109,raw/000.jpg,masked/000.jpg,CzechLynx synthetic: CzechLynx_Synthetic/synthetic/synthetic_lynx_109/15324_synthetic_lynx_109.jpg,CC BY 4.0
synthetic_lynx_109,raw/001.jpg,masked/001.jpg,CzechLynx synthetic: CzechLynx_Synthetic/synthetic/synthetic_lynx_109/08679_synthetic_lynx_109.jpg,CC BY 4.0
synthetic_lynx_109,raw/002.jpg,masked/002.jpg,CzechLynx synthetic: CzechLynx_Synthetic/synthetic/synthetic_lynx_109/28633_synthetic_lynx_109.jpg,CC BY 4.0
synthetic_lynx_170,raw/003.jpg,masked/003.jpg,CzechLynx synthetic: CzechLynx_Synthetic/synthetic/synthetic_lynx_170/01212_synthetic_lynx_170.jpg,CC BY 4.0
synthetic_lynx_170,raw/004.jpg,masked/004.jpg,CzechLynx synthetic: CzechLynx_Synthetic/synthetic/synthetic_lynx_170/14770_synthetic_lynx_170.jpg,CC BY 4.0
synthetic_lynx_170,raw/005.jpg,masked/005.jpg,CzechLynx synthetic: CzechLynx_Synthetic/synthetic/synthetic_lynx_170/12699_synthetic_lynx_170.jpg,CC BY 4.0
synthetic_lynx_180,raw/006.jpg,masked/006.jpg,CzechLynx synthetic: CzechLynx_Synthetic/synthetic/synthetic_lynx_180/13824_synthetic_lynx_180.jpg,CC BY 4.0
synthetic_lynx_180,raw/007.jpg,masked/007.jpg,CzechLynx synthetic: CzechLynx_Synthetic/synthetic/synthetic_lynx_180/34280_synthetic_lynx_180.jpg,CC BY 4.0
synthetic_lynx_180,raw/008.jpg,masked/008.jpg,CzechLynx synthetic: CzechLynx_Synthetic/synthetic/synthetic_lynx_180/15805_synthetic_lynx_180.jpg,CC BY 4.0
synthetic_lynx_234,raw/009.jpg,masked/009.jpg,CzechLynx synthetic: CzechLynx_Synthetic/synthetic/synthetic_lynx_234/01659_synthetic_lynx_234.jpg,CC BY 4.0
synthetic_lynx_234,raw/010.jpg,masked/010.jpg,CzechLynx synthetic: CzechLynx_Synthetic/synthetic/synthetic_lynx_234/16764_synthetic_lynx_234.jpg,CC BY 4.0
synthetic_lynx_234,raw/011.jpg,masked/011.jpg,CzechLynx synthetic: CzechLynx_Synthetic/synthetic/synthetic_lynx_234/14401_synthetic_lynx_234.jpg,CC BY 4.0
synthetic_lynx_267,raw/012.jpg,masked/012.jpg,CzechLynx synthetic: CzechLynx_Synthetic/synthetic/synthetic_lynx_267/02414_synthetic_lynx_267.jpg,CC BY 4.0
synthetic_lynx_267,raw/013.jpg,masked/013.jpg,CzechLynx synthetic: CzechLynx_Synthetic/synthetic/synthetic_lynx_267/25612_synthetic_lynx_267.jpg,CC BY 4.0
synthetic_lynx_267,raw/014.jpg,masked/014.jpg,CzechLynx synthetic: CzechLynx_Synthetic/synthetic/synthetic_lynx_267/33816_synthetic_lynx_267.jpg,CC BY 4.0
synthetic_lynx_55,raw/015.jpg,masked/015.jpg,CzechLynx synthetic: CzechLynx_Synthetic/synthetic/synthetic_lynx_55/32618_synthetic_lynx_55.jpg,CC BY 4.0
synthetic_lynx_55,raw/016.jpg,masked/016.jpg,CzechLynx synthetic: CzechLynx_Synthetic/synthetic/synthetic_lynx_55/17344_synthetic_lynx_55.jpg,CC BY 4.0
synthetic_lynx_55,raw/017.jpg,masked/017.jpg,CzechLynx synthetic: CzechLynx_Synthetic/synthetic/synthetic_lynx_55/07315_synthetic_lynx_55.jpg,CC BY 4.0
