hyenaid2022	loma	/shared/sets/datasets/vision/czechlynx/checkpoints/wildlife-reid-10k/HyenaID2022/loma-finetuned/legacy-loma-mined/epoch_299/model.safetensors	HyenaID2022
hyenaid2022	rdd-lightglue	/shared/sets/datasets/vision/czechlynx/checkpoints/wildlife-reid-10k/HyenaID2022/rdd-finetuned/legacy-loma-mined/epoch_299/model.safetensors	HyenaID2022
leopardid2022	loma	/shared/sets/datasets/vision/czechlynx/checkpoints/wildlife-reid-10k/LeopardID2022/loma-finetuned/legacy-loma-mined/epoch_299/model.safetensors	LeopardID2022
leopardid2022	rdd-lightglue	/shared/sets/datasets/vision/czechlynx/checkpoints/wildlife-reid-10k/LeopardID2022/rdd-finetuned/legacy-loma-mined/epoch_299/model.safetensors	LeopardID2022
nyala	loma	/shared/sets/datasets/vision/czechlynx/checkpoints/wildlife-reid-10k/NyalaData/loma-finetuned/legacy/epoch_299/model__actual_nyala.safetensors	NyalaData
nyala	rdd-lightglue	/shared/sets/datasets/vision/czechlynx/checkpoints/wildlife-reid-10k/NyalaData/rdd-finetuned/legacy-rdd-mined-relaxed/epoch_299/model.safetensors	NyalaData
seastarreid2023	loma	/shared/sets/datasets/vision/czechlynx/checkpoints/wildlife-reid-10k/SeaStarReID2023/loma-finetuned/legacy/epoch_299/model.safetensors	SeaStarReID2023
seastarreid2023	rdd-lightglue	/shared/sets/datasets/vision/czechlynx/checkpoints/wildlife-reid-10k/SeaStarReID2023/rdd-finetuned/legacy/epoch_299/model.safetensors	SeaStarReID2023
whaleshark	loma	/shared/sets/datasets/vision/czechlynx/checkpoints/wildlife-reid-10k/WhaleSharkID/loma-finetuned/legacy-rdd-mined/epoch_299/model.safetensors	WhaleSharkID
whaleshark	rdd-lightglue	/shared/sets/datasets/vision/czechlynx/checkpoints/wildlife-reid-10k/WhaleSharkID/rdd-finetuned/legacy-rdd-mined/epoch_299/model.safetensors	WhaleSharkID
zindi	loma	/shared/sets/datasets/vision/czechlynx/checkpoints/wildlife-reid-10k/ZindiTurtleRecall/loma-finetuned/legacy-loma-mined/epoch_299/model.safetensors	ZindiTurtleRecall
zindi	rdd-lightglue	/shared/sets/datasets/vision/czechlynx/checkpoints/wildlife-reid-10k/ZindiTurtleRecall/rdd-finetuned/legacy-loma-mined/epoch_299/model.safetensors	ZindiTurtleRecall
salamander	loma	/shared/sets/datasets/vision/czechlynx/checkpoints/wildlife-reid-10k/SalamanderID2025/loma-finetuned/legacy-loma-mined/epoch_299/model.safetensors	SalamanderID2025
salamander	rdd-lightglue	/shared/sets/datasets/vision/czechlynx/checkpoints/wildlife-reid-10k/SalamanderID2025/rdd-finetuned/legacy-rdd-mined/epoch_299/model.safetensors	SalamanderID2025
czechlynx_closed	loma	/shared/sets/datasets/vision/czechlynx/checkpoints/czechlynx-time-closed/loma-b-finetuned-loma-mined-legacy/epoch_299/model.safetensors	CzechLynx
czechlynx_closed	rdd-lightglue	/shared/sets/datasets/vision/czechlynx/checkpoints/czechlynx-time-closed/rdd-finetuned-rdd-mined-legacy-relaxed/epoch_299/model.safetensors	CzechLynx
czechlynx_open	loma	/shared/sets/datasets/vision/czechlynx/checkpoints/czechlynx-time-open/loma-b-finetuned-loma-mined-legacy/epoch_299/model.safetensors	CzechLynx
czechlynx_open	rdd-lightglue	/shared/sets/datasets/vision/czechlynx/checkpoints/czechlynx-time-open/rdd-finetuned-loma-mined-legacy/epoch_299/model.safetensors	CzechLynx
