identity,path,split,source_path
synthetic_lynx_109,images/synthetic_lynx_109_0.jpg,database,CzechLynx_Synthetic/synthetic/synthetic_lynx_109/15324_synthetic_lynx_109.jpg
synthetic_lynx_109,images/synthetic_lynx_109_1.jpg,database,CzechLynx_Synthetic/synthetic/synthetic_lynx_109/08679_synthetic_lynx_109.jpg
synthetic_lynx_109,images/synthetic_lynx_109_2.jpg,database,CzechLynx_Synthetic/synthetic/synthetic_lynx_109/28633_synthetic_lynx_109.jpg
synthetic_lynx_109,images/synthetic_lynx_109_3.jpg,query,CzechLynx_Synthetic/synthetic/synthetic_lynx_109/18659_synthetic_lynx_109.jpg
synthetic_lynx_170,images/synthetic_lynx_170_0.jpg,database,CzechLynx_Synthetic/synthetic/synthetic_lynx_170/01212_synthetic_lynx_170.jpg
synthetic_lynx_170,images/synthetic_lynx_170_1.jpg,database,CzechLynx_Synthetic/synthetic/synthetic_lynx_170/14770_synthetic_lynx_170.jpg
synthetic_lynx_170,images/synthetic_lynx_170_2.jpg,database,CzechLynx_Synthetic/synthetic/synthetic_lynx_170/12699_synthetic_lynx_170.jpg
synthetic_lynx_170,images/synthetic_lynx_170_3.jpg,query,CzechLynx_Synthetic/synthetic/synthetic_lynx_170/05068_synthetic_lynx_170.jpg
synthetic_lynx_180,images/synthetic_lynx_180_0.jpg,database,CzechLynx_Synthetic/synthetic/synthetic_lynx_180/13824_synthetic_lynx_180.jpg
synthetic_lynx_180,images/synthetic_lynx_180_1.jpg,database,CzechLynx_Synthetic/synthetic/synthetic_lynx_180/34280_synthetic_lynx_180.jpg
synthetic_lynx_180,images/synthetic_lynx_180_2.jpg,database,CzechLynx_Synthetic/synthetic/synthetic_lynx_180/15805_synthetic_lynx_180.jpg
synthetic_lynx_180,images/synthetic_lynx_180_3.jpg,query,CzechLynx_Synthetic/synthetic/synthetic_lynx_180/13993_synthetic_lynx_180.jpg
synthetic_lynx_234,images/synthetic_lynx_234_0.jpg,database,CzechLynx_Synthetic/synthetic/synthetic_lynx_234/01659_synthetic_lynx_234.jpg
synthetic_lynx_234,images/synthetic_lynx_234_1.jpg,database,CzechLynx_Synthetic/synthetic/synthetic_lynx_234/16764_synthetic_lynx_234.jpg
synthetic_lynx_234,images/synthetic_lynx_234_2.jpg,database,CzechLynx_Synthetic/synthetic/synthetic_lynx_234/14401_synthetic_lynx_234.jpg
synthetic_lynx_234,images/synthetic_lynx_234_3.jpg,query,CzechLynx_Synthetic/synthetic/synthetic_lynx_234/06848_synthetic_lynx_234.jpg
synthetic_lynx_267,images/synthetic_lynx_267_0.jpg,database,CzechLynx_Synthetic/synthetic/synthetic_lynx_267/02414_synthetic_lynx_267.jpg
synthetic_lynx_267,images/synthetic_lynx_267_1.jpg,database,CzechLynx_Synthetic/synthetic/synthetic_lynx_267/25612_synthetic_lynx_267.jpg
synthetic_lynx_267,images/synthetic_lynx_267_2.jpg,database,CzechLynx_Synthetic/synthetic/synthetic_lynx_267/33816_synthetic_lynx_267.jpg
synthetic_lynx_267,images/synthetic_lynx_267_3.jpg,query,CzechLynx_Synthetic/synthetic/synthetic_lynx_267/31665_synthetic_lynx_267.jpg
synthetic_lynx_55,images/synthetic_lynx_55_0.jpg,database,CzechLynx_Synthetic/synthetic/synthetic_lynx_55/32618_synthetic_lynx_55.jpg
synthetic_lynx_55,images/synthetic_lynx_55_1.jpg,database,CzechLynx_Synthetic/synthetic/synthetic_lynx_55/17344_synthetic_lynx_55.jpg
synthetic_lynx_55,images/synthetic_lynx_55_2.jpg,database,CzechLynx_Synthetic/synthetic/synthetic_lynx_55/07315_synthetic_lynx_55.jpg
synthetic_lynx_55,images/synthetic_lynx_55_3.jpg,query,CzechLynx_Synthetic/synthetic/synthetic_lynx_55/31475_synthetic_lynx_55.jpg
